[
  {
    "name": "Ailano",
    "province": "Caserta",
    "provinceAbbreviation": "CE",
    "region": "Campania"
  },
  {
    "name": "Alife",
    "province": "Caserta",
    "provinceAbbreviation": "CE",
    "region": "Campania"
  },
  {
    "name": "Alvignano",
    "province": "Caserta",
    "provinceAbbreviation": "CE",
    "region": "Campania"
  },
  {
    "name": "Arienzo",
    "province": "Caserta",
    "provinceAbbreviation": "CE",
    "region": "Campania"
  },
  {
    "name": "Aversa",
    "province": "Caserta",
    "provinceAbbreviation": "CE",
    "region": "Campania"
  },
  {
    "name": "Baia e Latina",
    "province": "Caserta",
    "provinceAbbreviation": "CE",
    "region": "Campania"
  },
  {
    "name": "Bellona",
    "province": "Caserta",
    "provinceAbbreviation": "CE",
    "region": "Campania"
  },
  {
    "name": "Caianello",
    "province": "Caserta",
    "provinceAbbreviation": "CE",
    "region": "Campania"
  },
  {
    "name": "Caiazzo",
    "province": "Caserta",
    "provinceAbbreviation": "CE",
    "region": "Campania"
  },
  {
    "name": "Calvi Risorta",
    "province": "Caserta",
    "provinceAbbreviation": "CE",
    "region": "Campania"
  },
  {
    "name": "Camigliano",
    "province": "Caserta",
    "provinceAbbreviation": "CE",
    "region": "Campania"
  },
  {
    "name": "Cancello ed Arnone",
    "province": "Caserta",
    "provinceAbbreviation": "CE",
    "region": "Campania"
  },
  {
    "name": "Capodrise",
    "province": "Caserta",
    "provinceAbbreviation": "CE",
    "region": "Campania"
  },
  {
    "name": "Capriati a Volturno",
    "province": "Caserta",
    "provinceAbbreviation": "CE",
    "region": "Campania"
  },
  {
    "name": "Capua",
    "province": "Caserta",
    "provinceAbbreviation": "CE",
    "region": "Campania"
  },
  {
    "name": "Carinaro",
    "province": "Caserta",
    "provinceAbbreviation": "CE",
    "region": "Campania"
  },
  {
    "name": "Carinola",
    "province": "Caserta",
    "provinceAbbreviation": "CE",
    "region": "Campania"
  },
  {
    "name": "Casagiove",
    "province": "Caserta",
    "provinceAbbreviation": "CE",
    "region": "Campania"
  },
  {
    "name": "Casal di Principe",
    "province": "Caserta",
    "provinceAbbreviation": "CE",
    "region": "Campania"
  },
  {
    "name": "Casaluce",
    "province": "Caserta",
    "provinceAbbreviation": "CE",
    "region": "Campania"
  },
  {
    "name": "Casapulla",
    "province": "Caserta",
    "provinceAbbreviation": "CE",
    "region": "Campania"
  },
  {
    "name": "Caserta",
    "province": "Caserta",
    "provinceAbbreviation": "CE",
    "region": "Campania"
  },
  {
    "name": "Castel Campagnano",
    "province": "Caserta",
    "provinceAbbreviation": "CE",
    "region": "Campania"
  },
  {
    "name": "Castel di Sasso",
    "province": "Caserta",
    "provinceAbbreviation": "CE",
    "region": "Campania"
  },
  {
    "name": "Castello del Matese",
    "province": "Caserta",
    "provinceAbbreviation": "CE",
    "region": "Campania"
  },
  {
    "name": "Castel Morrone",
    "province": "Caserta",
    "provinceAbbreviation": "CE",
    "region": "Campania"
  },
  {
    "name": "Castel Volturno",
    "province": "Caserta",
    "provinceAbbreviation": "CE",
    "region": "Campania"
  },
  {
    "name": "Cervino",
    "province": "Caserta",
    "provinceAbbreviation": "CE",
    "region": "Campania"
  },
  {
    "name": "Cesa",
    "province": "Caserta",
    "provinceAbbreviation": "CE",
    "region": "Campania"
  },
  {
    "name": "Ciorlano",
    "province": "Caserta",
    "provinceAbbreviation": "CE",
    "region": "Campania"
  },
  {
    "name": "Conca della Campania",
    "province": "Caserta",
    "provinceAbbreviation": "CE",
    "region": "Campania"
  },
  {
    "name": "Curti",
    "province": "Caserta",
    "provinceAbbreviation": "CE",
    "region": "Campania"
  },
  {
    "name": "Dragoni",
    "province": "Caserta",
    "provinceAbbreviation": "CE",
    "region": "Campania"
  },
  {
    "name": "Fontegreca",
    "province": "Caserta",
    "provinceAbbreviation": "CE",
    "region": "Campania"
  },
  {
    "name": "Formicola",
    "province": "Caserta",
    "provinceAbbreviation": "CE",
    "region": "Campania"
  },
  {
    "name": "Francolise",
    "province": "Caserta",
    "provinceAbbreviation": "CE",
    "region": "Campania"
  },
  {
    "name": "Frignano",
    "province": "Caserta",
    "provinceAbbreviation": "CE",
    "region": "Campania"
  },
  {
    "name": "Gallo Matese",
    "province": "Caserta",
    "provinceAbbreviation": "CE",
    "region": "Campania"
  },
  {
    "name": "Galluccio",
    "province": "Caserta",
    "provinceAbbreviation": "CE",
    "region": "Campania"
  },
  {
    "name": "Giano Vetusto",
    "province": "Caserta",
    "provinceAbbreviation": "CE",
    "region": "Campania"
  },
  {
    "name": "Gioia Sannitica",
    "province": "Caserta",
    "provinceAbbreviation": "CE",
    "region": "Campania"
  },
  {
    "name": "Grazzanise",
    "province": "Caserta",
    "provinceAbbreviation": "CE",
    "region": "Campania"
  },
  {
    "name": "Gricignano di Aversa",
    "province": "Caserta",
    "provinceAbbreviation": "CE",
    "region": "Campania"
  },
  {
    "name": "Letino",
    "province": "Caserta",
    "provinceAbbreviation": "CE",
    "region": "Campania"
  },
  {
    "name": "Liberi",
    "province": "Caserta",
    "provinceAbbreviation": "CE",
    "region": "Campania"
  },
  {
    "name": "Lusciano",
    "province": "Caserta",
    "provinceAbbreviation": "CE",
    "region": "Campania"
  },
  {
    "name": "Macerata Campania",
    "province": "Caserta",
    "provinceAbbreviation": "CE",
    "region": "Campania"
  },
  {
    "name": "Maddaloni",
    "province": "Caserta",
    "provinceAbbreviation": "CE",
    "region": "Campania"
  },
  {
    "name": "Marcianise",
    "province": "Caserta",
    "provinceAbbreviation": "CE",
    "region": "Campania"
  },
  {
    "name": "Marzano Appio",
    "province": "Caserta",
    "provinceAbbreviation": "CE",
    "region": "Campania"
  },
  {
    "name": "Mignano Monte Lungo",
    "province": "Caserta",
    "provinceAbbreviation": "CE",
    "region": "Campania"
  },
  {
    "name": "Mondragone",
    "province": "Caserta",
    "provinceAbbreviation": "CE",
    "region": "Campania"
  },
  {
    "name": "Orta di Atella",
    "province": "Caserta",
    "provinceAbbreviation": "CE",
    "region": "Campania"
  },
  {
    "name": "Parete",
    "province": "Caserta",
    "provinceAbbreviation": "CE",
    "region": "Campania"
  },
  {
    "name": "Pastorano",
    "province": "Caserta",
    "provinceAbbreviation": "CE",
    "region": "Campania"
  },
  {
    "name": "Piana di Monte Verna",
    "province": "Caserta",
    "provinceAbbreviation": "CE",
    "region": "Campania"
  },
  {
    "name": "Piedimonte Matese",
    "province": "Caserta",
    "provinceAbbreviation": "CE",
    "region": "Campania"
  },
  {
    "name": "Pietramelara",
    "province": "Caserta",
    "provinceAbbreviation": "CE",
    "region": "Campania"
  },
  {
    "name": "Pietravairano",
    "province": "Caserta",
    "provinceAbbreviation": "CE",
    "region": "Campania"
  },
  {
    "name": "Pignataro Maggiore",
    "province": "Caserta",
    "provinceAbbreviation": "CE",
    "region": "Campania"
  },
  {
    "name": "Pontelatone",
    "province": "Caserta",
    "provinceAbbreviation": "CE",
    "region": "Campania"
  },
  {
    "name": "Portico di Caserta",
    "province": "Caserta",
    "provinceAbbreviation": "CE",
    "region": "Campania"
  },
  {
    "name": "Prata Sannita",
    "province": "Caserta",
    "provinceAbbreviation": "CE",
    "region": "Campania"
  },
  {
    "name": "Pratella",
    "province": "Caserta",
    "provinceAbbreviation": "CE",
    "region": "Campania"
  },
  {
    "name": "Presenzano",
    "province": "Caserta",
    "provinceAbbreviation": "CE",
    "region": "Campania"
  },
  {
    "name": "Raviscanina",
    "province": "Caserta",
    "provinceAbbreviation": "CE",
    "region": "Campania"
  },
  {
    "name": "Recale",
    "province": "Caserta",
    "provinceAbbreviation": "CE",
    "region": "Campania"
  },
  {
    "name": "Riardo",
    "province": "Caserta",
    "provinceAbbreviation": "CE",
    "region": "Campania"
  },
  {
    "name": "Rocca d'Evandro",
    "province": "Caserta",
    "provinceAbbreviation": "CE",
    "region": "Campania"
  },
  {
    "name": "Roccamonfina",
    "province": "Caserta",
    "provinceAbbreviation": "CE",
    "region": "Campania"
  },
  {
    "name": "Roccaromana",
    "province": "Caserta",
    "provinceAbbreviation": "CE",
    "region": "Campania"
  },
  {
    "name": "Rocchetta e Croce",
    "province": "Caserta",
    "provinceAbbreviation": "CE",
    "region": "Campania"
  },
  {
    "name": "Ruviano",
    "province": "Caserta",
    "provinceAbbreviation": "CE",
    "region": "Campania"
  },
  {
    "name": "San Cipriano d'Aversa",
    "province": "Caserta",
    "provinceAbbreviation": "CE",
    "region": "Campania"
  },
  {
    "name": "San Felice a Cancello",
    "province": "Caserta",
    "provinceAbbreviation": "CE",
    "region": "Campania"
  },
  {
    "name": "San Gregorio Matese",
    "province": "Caserta",
    "provinceAbbreviation": "CE",
    "region": "Campania"
  },
  {
    "name": "San Marcellino",
    "province": "Caserta",
    "provinceAbbreviation": "CE",
    "region": "Campania"
  },
  {
    "name": "San Nicola la Strada",
    "province": "Caserta",
    "provinceAbbreviation": "CE",
    "region": "Campania"
  },
  {
    "name": "San Pietro Infine",
    "province": "Caserta",
    "provinceAbbreviation": "CE",
    "region": "Campania"
  },
  {
    "name": "San Potito Sannitico",
    "province": "Caserta",
    "provinceAbbreviation": "CE",
    "region": "Campania"
  },
  {
    "name": "San Prisco",
    "province": "Caserta",
    "provinceAbbreviation": "CE",
    "region": "Campania"
  },
  {
    "name": "Santa Maria a Vico",
    "province": "Caserta",
    "provinceAbbreviation": "CE",
    "region": "Campania"
  },
  {
    "name": "Santa Maria Capua Vetere",
    "province": "Caserta",
    "provinceAbbreviation": "CE",
    "region": "Campania"
  },
  {
    "name": "Santa Maria la Fossa",
    "province": "Caserta",
    "provinceAbbreviation": "CE",
    "region": "Campania"
  },
  {
    "name": "San Tammaro",
    "province": "Caserta",
    "provinceAbbreviation": "CE",
    "region": "Campania"
  },
  {
    "name": "Sant'Angelo d'Alife",
    "province": "Caserta",
    "provinceAbbreviation": "CE",
    "region": "Campania"
  },
  {
    "name": "Sant'Arpino",
    "province": "Caserta",
    "provinceAbbreviation": "CE",
    "region": "Campania"
  },
  {
    "name": "Sessa Aurunca",
    "province": "Caserta",
    "provinceAbbreviation": "CE",
    "region": "Campania"
  },
  {
    "name": "Sparanise",
    "province": "Caserta",
    "provinceAbbreviation": "CE",
    "region": "Campania"
  },
  {
    "name": "Succivo",
    "province": "Caserta",
    "provinceAbbreviation": "CE",
    "region": "Campania"
  },
  {
    "name": "Teano",
    "province": "Caserta",
    "provinceAbbreviation": "CE",
    "region": "Campania"
  },
  {
    "name": "Teverola",
    "province": "Caserta",
    "provinceAbbreviation": "CE",
    "region": "Campania"
  },
  {
    "name": "Tora e Piccilli",
    "province": "Caserta",
    "provinceAbbreviation": "CE",
    "region": "Campania"
  },
  {
    "name": "Trentola Ducenta",
    "province": "Caserta",
    "provinceAbbreviation": "CE",
    "region": "Campania"
  },
  {
    "name": "Vairano Patenora",
    "province": "Caserta",
    "provinceAbbreviation": "CE",
    "region": "Campania"
  },
  {
    "name": "Valle Agricola",
    "province": "Caserta",
    "provinceAbbreviation": "CE",
    "region": "Campania"
  },
  {
    "name": "Valle di Maddaloni",
    "province": "Caserta",
    "provinceAbbreviation": "CE",
    "region": "Campania"
  },
  {
    "name": "Villa di Briano",
    "province": "Caserta",
    "provinceAbbreviation": "CE",
    "region": "Campania"
  },
  {
    "name": "Villa Literno",
    "province": "Caserta",
    "provinceAbbreviation": "CE",
    "region": "Campania"
  },
  {
    "name": "Vitulazio",
    "province": "Caserta",
    "provinceAbbreviation": "CE",
    "region": "Campania"
  },
  {
    "name": "Falciano del Massico",
    "province": "Caserta",
    "provinceAbbreviation": "CE",
    "region": "Campania"
  },
  {
    "name": "Cellole",
    "province": "Caserta",
    "provinceAbbreviation": "CE",
    "region": "Campania"
  },
  {
    "name": "Casapesenna",
    "province": "Caserta",
    "provinceAbbreviation": "CE",
    "region": "Campania"
  },
  {
    "name": "San Marco Evangelista",
    "province": "Caserta",
    "provinceAbbreviation": "CE",
    "region": "Campania"
  },
  {
    "name": "Lusciano e Ducenta",
    "province": "Napoli",
    "provinceAbbreviation": "NA",
    "region": "Campania",
    "deleted": true
  },
  {
    "name": "Airola",
    "province": "Benevento",
    "provinceAbbreviation": "BN",
    "region": "Campania"
  },
  {
    "name": "Amorosi",
    "province": "Benevento",
    "provinceAbbreviation": "BN",
    "region": "Campania"
  },
  {
    "name": "Apice",
    "province": "Benevento",
    "provinceAbbreviation": "BN",
    "region": "Campania"
  },
  {
    "name": "Apollosa",
    "province": "Benevento",
    "provinceAbbreviation": "BN",
    "region": "Campania"
  },
  {
    "name": "Arpaia",
    "province": "Benevento",
    "provinceAbbreviation": "BN",
    "region": "Campania"
  },
  {
    "name": "Arpaise",
    "province": "Benevento",
    "provinceAbbreviation": "BN",
    "region": "Campania"
  },
  {
    "name": "Baselice",
    "province": "Benevento",
    "provinceAbbreviation": "BN",
    "region": "Campania"
  },
  {
    "name": "Benevento",
    "province": "Benevento",
    "provinceAbbreviation": "BN",
    "region": "Campania"
  },
  {
    "name": "Bonea",
    "province": "Benevento",
    "provinceAbbreviation": "BN",
    "region": "Campania"
  },
  {
    "name": "Bucciano",
    "province": "Benevento",
    "provinceAbbreviation": "BN",
    "region": "Campania"
  },
  {
    "name": "Buonalbergo",
    "province": "Benevento",
    "provinceAbbreviation": "BN",
    "region": "Campania"
  },
  {
    "name": "Calvi",
    "province": "Benevento",
    "provinceAbbreviation": "BN",
    "region": "Campania"
  },
  {
    "name": "Campolattaro",
    "province": "Benevento",
    "provinceAbbreviation": "BN",
    "region": "Campania"
  },
  {
    "name": "Campoli del Monte Taburno",
    "province": "Benevento",
    "provinceAbbreviation": "BN",
    "region": "Campania"
  },
  {
    "name": "Casalduni",
    "province": "Benevento",
    "provinceAbbreviation": "BN",
    "region": "Campania"
  },
  {
    "name": "Castelfranco in Miscano",
    "province": "Benevento",
    "provinceAbbreviation": "BN",
    "region": "Campania"
  },
  {
    "name": "Castelpagano",
    "province": "Benevento",
    "provinceAbbreviation": "BN",
    "region": "Campania"
  },
  {
    "name": "Castelpoto",
    "province": "Benevento",
    "provinceAbbreviation": "BN",
    "region": "Campania"
  },
  {
    "name": "Castelvenere",
    "province": "Benevento",
    "provinceAbbreviation": "BN",
    "region": "Campania"
  },
  {
    "name": "Castelvetere in Val Fortore",
    "province": "Benevento",
    "provinceAbbreviation": "BN",
    "region": "Campania"
  },
  {
    "name": "Cautano",
    "province": "Benevento",
    "provinceAbbreviation": "BN",
    "region": "Campania"
  },
  {
    "name": "Ceppaloni",
    "province": "Benevento",
    "provinceAbbreviation": "BN",
    "region": "Campania"
  },
  {
    "name": "Cerreto Sannita",
    "province": "Benevento",
    "provinceAbbreviation": "BN",
    "region": "Campania"
  },
  {
    "name": "Circello",
    "province": "Benevento",
    "provinceAbbreviation": "BN",
    "region": "Campania"
  },
  {
    "name": "Colle Sannita",
    "province": "Benevento",
    "provinceAbbreviation": "BN",
    "region": "Campania"
  },
  {
    "name": "Cusano Mutri",
    "province": "Benevento",
    "provinceAbbreviation": "BN",
    "region": "Campania"
  },
  {
    "name": "Dugenta",
    "province": "Benevento",
    "provinceAbbreviation": "BN",
    "region": "Campania"
  },
  {
    "name": "Durazzano",
    "province": "Benevento",
    "provinceAbbreviation": "BN",
    "region": "Campania"
  },
  {
    "name": "Faicchio",
    "province": "Benevento",
    "provinceAbbreviation": "BN",
    "region": "Campania"
  },
  {
    "name": "Foglianise",
    "province": "Benevento",
    "provinceAbbreviation": "BN",
    "region": "Campania"
  },
  {
    "name": "Foiano di Val Fortore",
    "province": "Benevento",
    "provinceAbbreviation": "BN",
    "region": "Campania"
  },
  {
    "name": "Forchia",
    "province": "Benevento",
    "provinceAbbreviation": "BN",
    "region": "Campania"
  },
  {
    "name": "Fragneto l'Abate",
    "province": "Benevento",
    "provinceAbbreviation": "BN",
    "region": "Campania"
  },
  {
    "name": "Fragneto Monforte",
    "province": "Benevento",
    "provinceAbbreviation": "BN",
    "region": "Campania"
  },
  {
    "name": "Frasso Telesino",
    "province": "Benevento",
    "provinceAbbreviation": "BN",
    "region": "Campania"
  },
  {
    "name": "Ginestra degli Schiavoni",
    "province": "Benevento",
    "provinceAbbreviation": "BN",
    "region": "Campania"
  },
  {
    "name": "Guardia Sanframondi",
    "province": "Benevento",
    "provinceAbbreviation": "BN",
    "region": "Campania"
  },
  {
    "name": "Limatola",
    "province": "Benevento",
    "provinceAbbreviation": "BN",
    "region": "Campania"
  },
  {
    "name": "Melizzano",
    "province": "Benevento",
    "provinceAbbreviation": "BN",
    "region": "Campania"
  },
  {
    "name": "Moiano",
    "province": "Benevento",
    "provinceAbbreviation": "BN",
    "region": "Campania"
  },
  {
    "name": "Molinara",
    "province": "Benevento",
    "provinceAbbreviation": "BN",
    "region": "Campania"
  },
  {
    "name": "Montefalcone di Val Fortore",
    "province": "Benevento",
    "provinceAbbreviation": "BN",
    "region": "Campania"
  },
  {
    "name": "Montesarchio",
    "province": "Benevento",
    "provinceAbbreviation": "BN",
    "region": "Campania"
  },
  {
    "name": "Morcone",
    "province": "Benevento",
    "provinceAbbreviation": "BN",
    "region": "Campania"
  },
  {
    "name": "Paduli",
    "province": "Benevento",
    "provinceAbbreviation": "BN",
    "region": "Campania"
  },
  {
    "name": "Pago Veiano",
    "province": "Benevento",
    "provinceAbbreviation": "BN",
    "region": "Campania"
  },
  {
    "name": "Pannarano",
    "province": "Benevento",
    "provinceAbbreviation": "BN",
    "region": "Campania"
  },
  {
    "name": "Paolisi",
    "province": "Benevento",
    "provinceAbbreviation": "BN",
    "region": "Campania"
  },
  {
    "name": "Paupisi",
    "province": "Benevento",
    "provinceAbbreviation": "BN",
    "region": "Campania"
  },
  {
    "name": "Pesco Sannita",
    "province": "Benevento",
    "provinceAbbreviation": "BN",
    "region": "Campania"
  },
  {
    "name": "Pietraroja",
    "province": "Benevento",
    "provinceAbbreviation": "BN",
    "region": "Campania"
  },
  {
    "name": "Pietrelcina",
    "province": "Benevento",
    "provinceAbbreviation": "BN",
    "region": "Campania"
  },
  {
    "name": "Ponte",
    "province": "Benevento",
    "provinceAbbreviation": "BN",
    "region": "Campania"
  },
  {
    "name": "Pontelandolfo",
    "province": "Benevento",
    "provinceAbbreviation": "BN",
    "region": "Campania"
  },
  {
    "name": "Puglianello",
    "province": "Benevento",
    "provinceAbbreviation": "BN",
    "region": "Campania"
  },
  {
    "name": "Reino",
    "province": "Benevento",
    "provinceAbbreviation": "BN",
    "region": "Campania"
  },
  {
    "name": "San Bartolomeo in Galdo",
    "province": "Benevento",
    "provinceAbbreviation": "BN",
    "region": "Campania"
  },
  {
    "name": "San Giorgio del Sannio",
    "province": "Benevento",
    "provinceAbbreviation": "BN",
    "region": "Campania"
  },
  {
    "name": "San Giorgio La Molara",
    "province": "Benevento",
    "provinceAbbreviation": "BN",
    "region": "Campania"
  },
  {
    "name": "San Leucio del Sannio",
    "province": "Benevento",
    "provinceAbbreviation": "BN",
    "region": "Campania"
  },
  {
    "name": "San Lorenzello",
    "province": "Benevento",
    "provinceAbbreviation": "BN",
    "region": "Campania"
  },
  {
    "name": "San Lorenzo Maggiore",
    "province": "Benevento",
    "provinceAbbreviation": "BN",
    "region": "Campania"
  },
  {
    "name": "San Lupo",
    "province": "Benevento",
    "provinceAbbreviation": "BN",
    "region": "Campania"
  },
  {
    "name": "San Marco dei Cavoti",
    "province": "Benevento",
    "provinceAbbreviation": "BN",
    "region": "Campania"
  },
  {
    "name": "San Martino Sannita",
    "province": "Benevento",
    "provinceAbbreviation": "BN",
    "region": "Campania"
  },
  {
    "name": "San Nazzaro",
    "province": "Benevento",
    "provinceAbbreviation": "BN",
    "region": "Campania"
  },
  {
    "name": "San Nicola Manfredi",
    "province": "Benevento",
    "provinceAbbreviation": "BN",
    "region": "Campania"
  },
  {
    "name": "San Salvatore Telesino",
    "province": "Benevento",
    "provinceAbbreviation": "BN",
    "region": "Campania"
  },
  {
    "name": "Santa Croce del Sannio",
    "province": "Benevento",
    "provinceAbbreviation": "BN",
    "region": "Campania"
  },
  {
    "name": "Sant'Agata de' Goti",
    "province": "Benevento",
    "provinceAbbreviation": "BN",
    "region": "Campania"
  },
  {
    "name": "Sant'Angelo a Cupolo",
    "province": "Benevento",
    "provinceAbbreviation": "BN",
    "region": "Campania"
  },
  {
    "name": "Sassinoro",
    "province": "Benevento",
    "provinceAbbreviation": "BN",
    "region": "Campania"
  },
  {
    "name": "Solopaca",
    "province": "Benevento",
    "provinceAbbreviation": "BN",
    "region": "Campania"
  },
  {
    "name": "Telese Terme",
    "province": "Benevento",
    "provinceAbbreviation": "BN",
    "region": "Campania"
  },
  {
    "name": "Tocco Caudio",
    "province": "Benevento",
    "provinceAbbreviation": "BN",
    "region": "Campania"
  },
  {
    "name": "Torrecuso",
    "province": "Benevento",
    "provinceAbbreviation": "BN",
    "region": "Campania"
  },
  {
    "name": "Vitulano",
    "province": "Benevento",
    "provinceAbbreviation": "BN",
    "region": "Campania"
  },
  {
    "name": "Sant'Arcangelo Trimonte",
    "province": "Benevento",
    "provinceAbbreviation": "BN",
    "region": "Campania"
  },
  {
    "name": "Acerra",
    "province": "Napoli",
    "provinceAbbreviation": "NA",
    "region": "Campania"
  },
  {
    "name": "Afragola",
    "province": "Napoli",
    "provinceAbbreviation": "NA",
    "region": "Campania"
  },
  {
    "name": "Agerola",
    "province": "Napoli",
    "provinceAbbreviation": "NA",
    "region": "Campania"
  },
  {
    "name": "Anacapri",
    "province": "Napoli",
    "provinceAbbreviation": "NA",
    "region": "Campania"
  },
  {
    "name": "Arzano",
    "province": "Napoli",
    "provinceAbbreviation": "NA",
    "region": "Campania"
  },
  {
    "name": "Bacoli",
    "province": "Napoli",
    "provinceAbbreviation": "NA",
    "region": "Campania"
  },
  {
    "name": "Barano d'Ischia",
    "province": "Napoli",
    "provinceAbbreviation": "NA",
    "region": "Campania"
  },
  {
    "name": "Boscoreale",
    "province": "Napoli",
    "provinceAbbreviation": "NA",
    "region": "Campania"
  },
  {
    "name": "Boscotrecase",
    "province": "Napoli",
    "provinceAbbreviation": "NA",
    "region": "Campania"
  },
  {
    "name": "Brusciano",
    "province": "Napoli",
    "provinceAbbreviation": "NA",
    "region": "Campania"
  },
  {
    "name": "Caivano",
    "province": "Napoli",
    "provinceAbbreviation": "NA",
    "region": "Campania"
  },
  {
    "name": "Calvizzano",
    "province": "Napoli",
    "provinceAbbreviation": "NA",
    "region": "Campania"
  },
  {
    "name": "Camposano",
    "province": "Napoli",
    "provinceAbbreviation": "NA",
    "region": "Campania"
  },
  {
    "name": "Capri",
    "province": "Napoli",
    "provinceAbbreviation": "NA",
    "region": "Campania"
  },
  {
    "name": "Carbonara di Nola",
    "province": "Napoli",
    "provinceAbbreviation": "NA",
    "region": "Campania"
  },
  {
    "name": "Cardito",
    "province": "Napoli",
    "provinceAbbreviation": "NA",
    "region": "Campania"
  },
  {
    "name": "Casalnuovo di Napoli",
    "province": "Napoli",
    "provinceAbbreviation": "NA",
    "region": "Campania"
  },
  {
    "name": "Casamarciano",
    "province": "Napoli",
    "provinceAbbreviation": "NA",
    "region": "Campania"
  },
  {
    "name": "Casamicciola Terme",
    "province": "Napoli",
    "provinceAbbreviation": "NA",
    "region": "Campania"
  },
  {
    "name": "Casandrino",
    "province": "Napoli",
    "provinceAbbreviation": "NA",
    "region": "Campania"
  },
  {
    "name": "Casavatore",
    "province": "Napoli",
    "provinceAbbreviation": "NA",
    "region": "Campania"
  },
  {
    "name": "Casola di Napoli",
    "province": "Napoli",
    "provinceAbbreviation": "NA",
    "region": "Campania"
  },
  {
    "name": "Casoria",
    "province": "Napoli",
    "provinceAbbreviation": "NA",
    "region": "Campania"
  },
  {
    "name": "Castellammare di Stabia",
    "province": "Napoli",
    "provinceAbbreviation": "NA",
    "region": "Campania"
  },
  {
    "name": "Castello di Cisterna",
    "province": "Napoli",
    "provinceAbbreviation": "NA",
    "region": "Campania"
  },
  {
    "name": "Cercola",
    "province": "Napoli",
    "provinceAbbreviation": "NA",
    "region": "Campania"
  },
  {
    "name": "Cicciano",
    "province": "Napoli",
    "provinceAbbreviation": "NA",
    "region": "Campania"
  },
  {
    "name": "Cimitile",
    "province": "Napoli",
    "provinceAbbreviation": "NA",
    "region": "Campania"
  },
  {
    "name": "Comiziano",
    "province": "Napoli",
    "provinceAbbreviation": "NA",
    "region": "Campania"
  },
  {
    "name": "Crispano",
    "province": "Napoli",
    "provinceAbbreviation": "NA",
    "region": "Campania"
  },
  {
    "name": "Forio",
    "province": "Napoli",
    "provinceAbbreviation": "NA",
    "region": "Campania"
  },
  {
    "name": "Frattamaggiore",
    "province": "Napoli",
    "provinceAbbreviation": "NA",
    "region": "Campania"
  },
  {
    "name": "Frattaminore",
    "province": "Napoli",
    "provinceAbbreviation": "NA",
    "region": "Campania"
  },
  {
    "name": "Giugliano in Campania",
    "province": "Napoli",
    "provinceAbbreviation": "NA",
    "region": "Campania"
  },
  {
    "name": "Gragnano",
    "province": "Napoli",
    "provinceAbbreviation": "NA",
    "region": "Campania"
  },
  {
    "name": "Grumo Nevano",
    "province": "Napoli",
    "provinceAbbreviation": "NA",
    "region": "Campania"
  },
  {
    "name": "Ischia",
    "province": "Napoli",
    "provinceAbbreviation": "NA",
    "region": "Campania"
  },
  {
    "name": "Lacco Ameno",
    "province": "Napoli",
    "provinceAbbreviation": "NA",
    "region": "Campania"
  },
  {
    "name": "Lettere",
    "province": "Napoli",
    "provinceAbbreviation": "NA",
    "region": "Campania"
  },
  {
    "name": "Liveri",
    "province": "Napoli",
    "provinceAbbreviation": "NA",
    "region": "Campania"
  },
  {
    "name": "Marano di Napoli",
    "province": "Napoli",
    "provinceAbbreviation": "NA",
    "region": "Campania"
  },
  {
    "name": "Mariglianella",
    "province": "Napoli",
    "provinceAbbreviation": "NA",
    "region": "Campania"
  },
  {
    "name": "Marigliano",
    "province": "Napoli",
    "provinceAbbreviation": "NA",
    "region": "Campania"
  },
  {
    "name": "Massa Lubrense",
    "province": "Napoli",
    "provinceAbbreviation": "NA",
    "region": "Campania"
  },
  {
    "name": "Melito di Napoli",
    "province": "Napoli",
    "provinceAbbreviation": "NA",
    "region": "Campania"
  },
  {
    "name": "Meta",
    "province": "Napoli",
    "provinceAbbreviation": "NA",
    "region": "Campania"
  },
  {
    "name": "Monte di Procida",
    "province": "Napoli",
    "provinceAbbreviation": "NA",
    "region": "Campania"
  },
  {
    "name": "Mugnano di Napoli",
    "province": "Napoli",
    "provinceAbbreviation": "NA",
    "region": "Campania"
  },
  {
    "name": "Napoli",
    "province": "Napoli",
    "provinceAbbreviation": "NA",
    "region": "Campania"
  },
  {
    "name": "Nola",
    "province": "Napoli",
    "provinceAbbreviation": "NA",
    "region": "Campania"
  },
  {
    "name": "Ottaviano",
    "province": "Napoli",
    "provinceAbbreviation": "NA",
    "region": "Campania"
  },
  {
    "name": "Palma Campania",
    "province": "Napoli",
    "provinceAbbreviation": "NA",
    "region": "Campania"
  },
  {
    "name": "Piano di Sorrento",
    "province": "Napoli",
    "provinceAbbreviation": "NA",
    "region": "Campania"
  },
  {
    "name": "Pimonte",
    "province": "Napoli",
    "provinceAbbreviation": "NA",
    "region": "Campania"
  },
  {
    "name": "Poggiomarino",
    "province": "Napoli",
    "provinceAbbreviation": "NA",
    "region": "Campania"
  },
  {
    "name": "Pollena Trocchia",
    "province": "Napoli",
    "provinceAbbreviation": "NA",
    "region": "Campania"
  },
  {
    "name": "Pomigliano d'Arco",
    "province": "Napoli",
    "provinceAbbreviation": "NA",
    "region": "Campania"
  },
  {
    "name": "Pompei",
    "province": "Napoli",
    "provinceAbbreviation": "NA",
    "region": "Campania"
  },
  {
    "name": "Portici",
    "province": "Napoli",
    "provinceAbbreviation": "NA",
    "region": "Campania"
  },
  {
    "name": "Pozzuoli",
    "province": "Napoli",
    "provinceAbbreviation": "NA",
    "region": "Campania"
  },
  {
    "name": "Procida",
    "province": "Napoli",
    "provinceAbbreviation": "NA",
    "region": "Campania"
  },
  {
    "name": "Qualiano",
    "province": "Napoli",
    "provinceAbbreviation": "NA",
    "region": "Campania"
  },
  {
    "name": "Quarto",
    "province": "Napoli",
    "provinceAbbreviation": "NA",
    "region": "Campania"
  },
  {
    "name": "Ercolano",
    "province": "Napoli",
    "provinceAbbreviation": "NA",
    "region": "Campania"
  },
  {
    "name": "Roccarainola",
    "province": "Napoli",
    "provinceAbbreviation": "NA",
    "region": "Campania"
  },
  {
    "name": "San Gennaro Vesuviano",
    "province": "Napoli",
    "provinceAbbreviation": "NA",
    "region": "Campania"
  },
  {
    "name": "San Giorgio a Cremano",
    "province": "Napoli",
    "provinceAbbreviation": "NA",
    "region": "Campania"
  },
  {
    "name": "San Giuseppe Vesuviano",
    "province": "Napoli",
    "provinceAbbreviation": "NA",
    "region": "Campania"
  },
  {
    "name": "San Paolo Bel Sito",
    "province": "Napoli",
    "provinceAbbreviation": "NA",
    "region": "Campania"
  },
  {
    "name": "San Sebastiano al Vesuvio",
    "province": "Napoli",
    "provinceAbbreviation": "NA",
    "region": "Campania"
  },
  {
    "name": "Sant'Agnello",
    "province": "Napoli",
    "provinceAbbreviation": "NA",
    "region": "Campania"
  },
  {
    "name": "Sant'Anastasia",
    "province": "Napoli",
    "provinceAbbreviation": "NA",
    "region": "Campania"
  },
  {
    "name": "Sant'Antimo",
    "province": "Napoli",
    "provinceAbbreviation": "NA",
    "region": "Campania"
  },
  {
    "name": "Sant'Antonio Abate",
    "province": "Napoli",
    "provinceAbbreviation": "NA",
    "region": "Campania"
  },
  {
    "name": "San Vitaliano",
    "province": "Napoli",
    "provinceAbbreviation": "NA",
    "region": "Campania"
  },
  {
    "name": "Saviano",
    "province": "Napoli",
    "provinceAbbreviation": "NA",
    "region": "Campania"
  },
  {
    "name": "Scisciano",
    "province": "Napoli",
    "provinceAbbreviation": "NA",
    "region": "Campania"
  },
  {
    "name": "Serrara Fontana",
    "province": "Napoli",
    "provinceAbbreviation": "NA",
    "region": "Campania"
  },
  {
    "name": "Somma Vesuviana",
    "province": "Napoli",
    "provinceAbbreviation": "NA",
    "region": "Campania"
  },
  {
    "name": "Sorrento",
    "province": "Napoli",
    "provinceAbbreviation": "NA",
    "region": "Campania"
  },
  {
    "name": "Striano",
    "province": "Napoli",
    "provinceAbbreviation": "NA",
    "region": "Campania"
  },
  {
    "name": "Terzigno",
    "province": "Napoli",
    "provinceAbbreviation": "NA",
    "region": "Campania"
  },
  {
    "name": "Torre Annunziata",
    "province": "Napoli",
    "provinceAbbreviation": "NA",
    "region": "Campania"
  },
  {
    "name": "Torre del Greco",
    "province": "Napoli",
    "provinceAbbreviation": "NA",
    "region": "Campania"
  },
  {
    "name": "Tufino",
    "province": "Napoli",
    "provinceAbbreviation": "NA",
    "region": "Campania"
  },
  {
    "name": "Vico Equense",
    "province": "Napoli",
    "provinceAbbreviation": "NA",
    "region": "Campania"
  },
  {
    "name": "Villaricca",
    "province": "Napoli",
    "provinceAbbreviation": "NA",
    "region": "Campania"
  },
  {
    "name": "Visciano",
    "province": "Napoli",
    "provinceAbbreviation": "NA",
    "region": "Campania"
  },
  {
    "name": "Volla",
    "province": "Napoli",
    "provinceAbbreviation": "NA",
    "region": "Campania"
  },
  {
    "name": "Santa Maria la Carità",
    "province": "Napoli",
    "provinceAbbreviation": "NA",
    "region": "Campania"
  },
  {
    "name": "Trecase",
    "province": "Napoli",
    "provinceAbbreviation": "NA",
    "region": "Campania"
  },
  {
    "name": "Massa di Somma",
    "province": "Napoli",
    "provinceAbbreviation": "NA",
    "region": "Campania"
  },
  {
    "name": "Aiello del Sabato",
    "province": "Avellino",
    "provinceAbbreviation": "AV",
    "region": "Campania"
  },
  {
    "name": "Altavilla Irpina",
    "province": "Avellino",
    "provinceAbbreviation": "AV",
    "region": "Campania"
  },
  {
    "name": "Andretta",
    "province": "Avellino",
    "provinceAbbreviation": "AV",
    "region": "Campania"
  },
  {
    "name": "Aquilonia",
    "province": "Avellino",
    "provinceAbbreviation": "AV",
    "region": "Campania"
  },
  {
    "name": "Ariano Irpino",
    "province": "Avellino",
    "provinceAbbreviation": "AV",
    "region": "Campania"
  },
  {
    "name": "Atripalda",
    "province": "Avellino",
    "provinceAbbreviation": "AV",
    "region": "Campania"
  },
  {
    "name": "Avella",
    "province": "Avellino",
    "provinceAbbreviation": "AV",
    "region": "Campania"
  },
  {
    "name": "Avellino",
    "province": "Avellino",
    "provinceAbbreviation": "AV",
    "region": "Campania"
  },
  {
    "name": "Bagnoli Irpino",
    "province": "Avellino",
    "provinceAbbreviation": "AV",
    "region": "Campania"
  },
  {
    "name": "Baiano",
    "province": "Avellino",
    "provinceAbbreviation": "AV",
    "region": "Campania"
  },
  {
    "name": "Bisaccia",
    "province": "Avellino",
    "provinceAbbreviation": "AV",
    "region": "Campania"
  },
  {
    "name": "Bonito",
    "province": "Avellino",
    "provinceAbbreviation": "AV",
    "region": "Campania"
  },
  {
    "name": "Cairano",
    "province": "Avellino",
    "provinceAbbreviation": "AV",
    "region": "Campania"
  },
  {
    "name": "Calabritto",
    "province": "Avellino",
    "provinceAbbreviation": "AV",
    "region": "Campania"
  },
  {
    "name": "Calitri",
    "province": "Avellino",
    "provinceAbbreviation": "AV",
    "region": "Campania"
  },
  {
    "name": "Candida",
    "province": "Avellino",
    "provinceAbbreviation": "AV",
    "region": "Campania"
  },
  {
    "name": "Caposele",
    "province": "Avellino",
    "provinceAbbreviation": "AV",
    "region": "Campania"
  },
  {
    "name": "Capriglia Irpina",
    "province": "Avellino",
    "provinceAbbreviation": "AV",
    "region": "Campania"
  },
  {
    "name": "Carife",
    "province": "Avellino",
    "provinceAbbreviation": "AV",
    "region": "Campania"
  },
  {
    "name": "Casalbore",
    "province": "Avellino",
    "provinceAbbreviation": "AV",
    "region": "Campania"
  },
  {
    "name": "Cassano Irpino",
    "province": "Avellino",
    "provinceAbbreviation": "AV",
    "region": "Campania"
  },
  {
    "name": "Castel Baronia",
    "province": "Avellino",
    "provinceAbbreviation": "AV",
    "region": "Campania"
  },
  {
    "name": "Castelfranci",
    "province": "Avellino",
    "provinceAbbreviation": "AV",
    "region": "Campania"
  },
  {
    "name": "Castelvetere sul Calore",
    "province": "Avellino",
    "provinceAbbreviation": "AV",
    "region": "Campania"
  },
  {
    "name": "Cervinara",
    "province": "Avellino",
    "provinceAbbreviation": "AV",
    "region": "Campania"
  },
  {
    "name": "Cesinali",
    "province": "Avellino",
    "provinceAbbreviation": "AV",
    "region": "Campania"
  },
  {
    "name": "Chianche",
    "province": "Avellino",
    "provinceAbbreviation": "AV",
    "region": "Campania"
  },
  {
    "name": "Chiusano di San Domenico",
    "province": "Avellino",
    "provinceAbbreviation": "AV",
    "region": "Campania"
  },
  {
    "name": "Contrada",
    "province": "Avellino",
    "provinceAbbreviation": "AV",
    "region": "Campania"
  },
  {
    "name": "Conza della Campania",
    "province": "Avellino",
    "provinceAbbreviation": "AV",
    "region": "Campania"
  },
  {
    "name": "Domicella",
    "province": "Avellino",
    "provinceAbbreviation": "AV",
    "region": "Campania"
  },
  {
    "name": "Flumeri",
    "province": "Avellino",
    "provinceAbbreviation": "AV",
    "region": "Campania"
  },
  {
    "name": "Fontanarosa",
    "province": "Avellino",
    "provinceAbbreviation": "AV",
    "region": "Campania"
  },
  {
    "name": "Forino",
    "province": "Avellino",
    "provinceAbbreviation": "AV",
    "region": "Campania"
  },
  {
    "name": "Frigento",
    "province": "Avellino",
    "provinceAbbreviation": "AV",
    "region": "Campania"
  },
  {
    "name": "Gesualdo",
    "province": "Avellino",
    "provinceAbbreviation": "AV",
    "region": "Campania"
  },
  {
    "name": "Greci",
    "province": "Avellino",
    "provinceAbbreviation": "AV",
    "region": "Campania"
  },
  {
    "name": "Grottaminarda",
    "province": "Avellino",
    "provinceAbbreviation": "AV",
    "region": "Campania"
  },
  {
    "name": "Grottolella",
    "province": "Avellino",
    "provinceAbbreviation": "AV",
    "region": "Campania"
  },
  {
    "name": "Guardia Lombardi",
    "province": "Avellino",
    "provinceAbbreviation": "AV",
    "region": "Campania"
  },
  {
    "name": "Lacedonia",
    "province": "Avellino",
    "provinceAbbreviation": "AV",
    "region": "Campania"
  },
  {
    "name": "Lapio",
    "province": "Avellino",
    "provinceAbbreviation": "AV",
    "region": "Campania"
  },
  {
    "name": "Lauro",
    "province": "Avellino",
    "provinceAbbreviation": "AV",
    "region": "Campania"
  },
  {
    "name": "Lioni",
    "province": "Avellino",
    "provinceAbbreviation": "AV",
    "region": "Campania"
  },
  {
    "name": "Luogosano",
    "province": "Avellino",
    "provinceAbbreviation": "AV",
    "region": "Campania"
  },
  {
    "name": "Manocalzati",
    "province": "Avellino",
    "provinceAbbreviation": "AV",
    "region": "Campania"
  },
  {
    "name": "Marzano di Nola",
    "province": "Avellino",
    "provinceAbbreviation": "AV",
    "region": "Campania"
  },
  {
    "name": "Melito Irpino",
    "province": "Avellino",
    "provinceAbbreviation": "AV",
    "region": "Campania"
  },
  {
    "name": "Mercogliano",
    "province": "Avellino",
    "provinceAbbreviation": "AV",
    "region": "Campania"
  },
  {
    "name": "Mirabella Eclano",
    "province": "Avellino",
    "provinceAbbreviation": "AV",
    "region": "Campania"
  },
  {
    "name": "Montaguto",
    "province": "Avellino",
    "provinceAbbreviation": "AV",
    "region": "Campania"
  },
  {
    "name": "Montecalvo Irpino",
    "province": "Avellino",
    "provinceAbbreviation": "AV",
    "region": "Campania"
  },
  {
    "name": "Montefalcione",
    "province": "Avellino",
    "provinceAbbreviation": "AV",
    "region": "Campania"
  },
  {
    "name": "Monteforte Irpino",
    "province": "Avellino",
    "provinceAbbreviation": "AV",
    "region": "Campania"
  },
  {
    "name": "Montefredane",
    "province": "Avellino",
    "provinceAbbreviation": "AV",
    "region": "Campania"
  },
  {
    "name": "Montefusco",
    "province": "Avellino",
    "provinceAbbreviation": "AV",
    "region": "Campania"
  },
  {
    "name": "Montella",
    "province": "Avellino",
    "provinceAbbreviation": "AV",
    "region": "Campania"
  },
  {
    "name": "Montemarano",
    "province": "Avellino",
    "provinceAbbreviation": "AV",
    "region": "Campania"
  },
  {
    "name": "Montemiletto",
    "province": "Avellino",
    "provinceAbbreviation": "AV",
    "region": "Campania"
  },
  {
    "name": "Monteverde",
    "province": "Avellino",
    "provinceAbbreviation": "AV",
    "region": "Campania"
  },
  {
    "name": "Montoro Inferiore",
    "province": "Avellino",
    "provinceAbbreviation": "AV",
    "region": "Campania",
    "deleted": true
  },
  {
    "name": "Montoro Superiore",
    "province": "Avellino",
    "provinceAbbreviation": "AV",
    "region": "Campania",
    "deleted": true
  },
  {
    "name": "Morra De Sanctis",
    "province": "Avellino",
    "provinceAbbreviation": "AV",
    "region": "Campania"
  },
  {
    "name": "Moschiano",
    "province": "Avellino",
    "provinceAbbreviation": "AV",
    "region": "Campania"
  },
  {
    "name": "Mugnano del Cardinale",
    "province": "Avellino",
    "provinceAbbreviation": "AV",
    "region": "Campania"
  },
  {
    "name": "Nusco",
    "province": "Avellino",
    "provinceAbbreviation": "AV",
    "region": "Campania"
  },
  {
    "name": "Ospedaletto d'Alpinolo",
    "province": "Avellino",
    "provinceAbbreviation": "AV",
    "region": "Campania"
  },
  {
    "name": "Pago del Vallo di Lauro",
    "province": "Avellino",
    "provinceAbbreviation": "AV",
    "region": "Campania"
  },
  {
    "name": "Parolise",
    "province": "Avellino",
    "provinceAbbreviation": "AV",
    "region": "Campania"
  },
  {
    "name": "Paternopoli",
    "province": "Avellino",
    "provinceAbbreviation": "AV",
    "region": "Campania"
  },
  {
    "name": "Petruro Irpino",
    "province": "Avellino",
    "provinceAbbreviation": "AV",
    "region": "Campania"
  },
  {
    "name": "Pietradefusi",
    "province": "Avellino",
    "provinceAbbreviation": "AV",
    "region": "Campania"
  },
  {
    "name": "Pietrastornina",
    "province": "Avellino",
    "provinceAbbreviation": "AV",
    "region": "Campania"
  },
  {
    "name": "Prata di Principato Ultra",
    "province": "Avellino",
    "provinceAbbreviation": "AV",
    "region": "Campania"
  },
  {
    "name": "Pratola Serra",
    "province": "Avellino",
    "provinceAbbreviation": "AV",
    "region": "Campania"
  },
  {
    "name": "Quadrelle",
    "province": "Avellino",
    "provinceAbbreviation": "AV",
    "region": "Campania"
  },
  {
    "name": "Quindici",
    "province": "Avellino",
    "provinceAbbreviation": "AV",
    "region": "Campania"
  },
  {
    "name": "Roccabascerana",
    "province": "Avellino",
    "provinceAbbreviation": "AV",
    "region": "Campania"
  },
  {
    "name": "Rocca San Felice",
    "province": "Avellino",
    "provinceAbbreviation": "AV",
    "region": "Campania"
  },
  {
    "name": "Rotondi",
    "province": "Avellino",
    "provinceAbbreviation": "AV",
    "region": "Campania"
  },
  {
    "name": "Salza Irpina",
    "province": "Avellino",
    "provinceAbbreviation": "AV",
    "region": "Campania"
  },
  {
    "name": "San Mango sul Calore",
    "province": "Avellino",
    "provinceAbbreviation": "AV",
    "region": "Campania"
  },
  {
    "name": "San Martino Valle Caudina",
    "province": "Avellino",
    "provinceAbbreviation": "AV",
    "region": "Campania"
  },
  {
    "name": "San Michele di Serino",
    "province": "Avellino",
    "provinceAbbreviation": "AV",
    "region": "Campania"
  },
  {
    "name": "San Nicola Baronia",
    "province": "Avellino",
    "provinceAbbreviation": "AV",
    "region": "Campania"
  },
  {
    "name": "San Potito Ultra",
    "province": "Avellino",
    "provinceAbbreviation": "AV",
    "region": "Campania"
  },
  {
    "name": "San Sossio Baronia",
    "province": "Avellino",
    "provinceAbbreviation": "AV",
    "region": "Campania"
  },
  {
    "name": "Santa Lucia di Serino",
    "province": "Avellino",
    "provinceAbbreviation": "AV",
    "region": "Campania"
  },
  {
    "name": "Sant'Andrea di Conza",
    "province": "Avellino",
    "provinceAbbreviation": "AV",
    "region": "Campania"
  },
  {
    "name": "Sant'Angelo all'Esca",
    "province": "Avellino",
    "provinceAbbreviation": "AV",
    "region": "Campania"
  },
  {
    "name": "Sant'Angelo a Scala",
    "province": "Avellino",
    "provinceAbbreviation": "AV",
    "region": "Campania"
  },
  {
    "name": "Sant'Angelo dei Lombardi",
    "province": "Avellino",
    "provinceAbbreviation": "AV",
    "region": "Campania"
  },
  {
    "name": "Santa Paolina",
    "province": "Avellino",
    "provinceAbbreviation": "AV",
    "region": "Campania"
  },
  {
    "name": "Santo Stefano del Sole",
    "province": "Avellino",
    "provinceAbbreviation": "AV",
    "region": "Campania"
  },
  {
    "name": "Savignano Irpino",
    "province": "Avellino",
    "provinceAbbreviation": "AV",
    "region": "Campania"
  },
  {
    "name": "Scampitella",
    "province": "Avellino",
    "provinceAbbreviation": "AV",
    "region": "Campania"
  },
  {
    "name": "Senerchia",
    "province": "Avellino",
    "provinceAbbreviation": "AV",
    "region": "Campania"
  },
  {
    "name": "Serino",
    "province": "Avellino",
    "provinceAbbreviation": "AV",
    "region": "Campania"
  },
  {
    "name": "Sirignano",
    "province": "Avellino",
    "provinceAbbreviation": "AV",
    "region": "Campania"
  },
  {
    "name": "Solofra",
    "province": "Avellino",
    "provinceAbbreviation": "AV",
    "region": "Campania"
  },
  {
    "name": "Sorbo Serpico",
    "province": "Avellino",
    "provinceAbbreviation": "AV",
    "region": "Campania"
  },
  {
    "name": "Sperone",
    "province": "Avellino",
    "provinceAbbreviation": "AV",
    "region": "Campania"
  },
  {
    "name": "Sturno",
    "province": "Avellino",
    "provinceAbbreviation": "AV",
    "region": "Campania"
  },
  {
    "name": "Summonte",
    "province": "Avellino",
    "provinceAbbreviation": "AV",
    "region": "Campania"
  },
  {
    "name": "Taurano",
    "province": "Avellino",
    "provinceAbbreviation": "AV",
    "region": "Campania"
  },
  {
    "name": "Taurasi",
    "province": "Avellino",
    "provinceAbbreviation": "AV",
    "region": "Campania"
  },
  {
    "name": "Teora",
    "province": "Avellino",
    "provinceAbbreviation": "AV",
    "region": "Campania"
  },
  {
    "name": "Torella dei Lombardi",
    "province": "Avellino",
    "provinceAbbreviation": "AV",
    "region": "Campania"
  },
  {
    "name": "Torre Le Nocelle",
    "province": "Avellino",
    "provinceAbbreviation": "AV",
    "region": "Campania"
  },
  {
    "name": "Torrioni",
    "province": "Avellino",
    "provinceAbbreviation": "AV",
    "region": "Campania"
  },
  {
    "name": "Trevico",
    "province": "Avellino",
    "provinceAbbreviation": "AV",
    "region": "Campania"
  },
  {
    "name": "Tufo",
    "province": "Avellino",
    "provinceAbbreviation": "AV",
    "region": "Campania"
  },
  {
    "name": "Vallata",
    "province": "Avellino",
    "provinceAbbreviation": "AV",
    "region": "Campania"
  },
  {
    "name": "Vallesaccarda",
    "province": "Avellino",
    "provinceAbbreviation": "AV",
    "region": "Campania"
  },
  {
    "name": "Venticano",
    "province": "Avellino",
    "provinceAbbreviation": "AV",
    "region": "Campania"
  },
  {
    "name": "Villamaina",
    "province": "Avellino",
    "provinceAbbreviation": "AV",
    "region": "Campania"
  },
  {
    "name": "Villanova del Battista",
    "province": "Avellino",
    "provinceAbbreviation": "AV",
    "region": "Campania"
  },
  {
    "name": "Volturara Irpina",
    "province": "Avellino",
    "provinceAbbreviation": "AV",
    "region": "Campania"
  },
  {
    "name": "Zungoli",
    "province": "Avellino",
    "provinceAbbreviation": "AV",
    "region": "Campania"
  },
  {
    "name": "Montoro",
    "province": "Avellino",
    "provinceAbbreviation": "AV",
    "region": "Campania"
  },
  {
    "name": "Acerno",
    "province": "Salerno",
    "provinceAbbreviation": "SA",
    "region": "Campania"
  },
  {
    "name": "Agropoli",
    "province": "Salerno",
    "provinceAbbreviation": "SA",
    "region": "Campania"
  },
  {
    "name": "Albanella",
    "province": "Salerno",
    "provinceAbbreviation": "SA",
    "region": "Campania"
  },
  {
    "name": "Alfano",
    "province": "Salerno",
    "provinceAbbreviation": "SA",
    "region": "Campania"
  },
  {
    "name": "Altavilla Silentina",
    "province": "Salerno",
    "provinceAbbreviation": "SA",
    "region": "Campania"
  },
  {
    "name": "Amalfi",
    "province": "Salerno",
    "provinceAbbreviation": "SA",
    "region": "Campania"
  },
  {
    "name": "Angri",
    "province": "Salerno",
    "provinceAbbreviation": "SA",
    "region": "Campania"
  },
  {
    "name": "Aquara",
    "province": "Salerno",
    "provinceAbbreviation": "SA",
    "region": "Campania"
  },
  {
    "name": "Ascea",
    "province": "Salerno",
    "provinceAbbreviation": "SA",
    "region": "Campania"
  },
  {
    "name": "Atena Lucana",
    "province": "Salerno",
    "provinceAbbreviation": "SA",
    "region": "Campania"
  },
  {
    "name": "Atrani",
    "province": "Salerno",
    "provinceAbbreviation": "SA",
    "region": "Campania"
  },
  {
    "name": "Auletta",
    "province": "Salerno",
    "provinceAbbreviation": "SA",
    "region": "Campania"
  },
  {
    "name": "Baronissi",
    "province": "Salerno",
    "provinceAbbreviation": "SA",
    "region": "Campania"
  },
  {
    "name": "Battipaglia",
    "province": "Salerno",
    "provinceAbbreviation": "SA",
    "region": "Campania"
  },
  {
    "name": "Bellosguardo",
    "province": "Salerno",
    "provinceAbbreviation": "SA",
    "region": "Campania"
  },
  {
    "name": "Bracigliano",
    "province": "Salerno",
    "provinceAbbreviation": "SA",
    "region": "Campania"
  },
  {
    "name": "Buccino",
    "province": "Salerno",
    "provinceAbbreviation": "SA",
    "region": "Campania"
  },
  {
    "name": "Buonabitacolo",
    "province": "Salerno",
    "provinceAbbreviation": "SA",
    "region": "Campania"
  },
  {
    "name": "Caggiano",
    "province": "Salerno",
    "provinceAbbreviation": "SA",
    "region": "Campania"
  },
  {
    "name": "Calvanico",
    "province": "Salerno",
    "provinceAbbreviation": "SA",
    "region": "Campania"
  },
  {
    "name": "Camerota",
    "province": "Salerno",
    "provinceAbbreviation": "SA",
    "region": "Campania"
  },
  {
    "name": "Campagna",
    "province": "Salerno",
    "provinceAbbreviation": "SA",
    "region": "Campania"
  },
  {
    "name": "Campora",
    "province": "Salerno",
    "provinceAbbreviation": "SA",
    "region": "Campania"
  },
  {
    "name": "Cannalonga",
    "province": "Salerno",
    "provinceAbbreviation": "SA",
    "region": "Campania"
  },
  {
    "name": "Capaccio Paestum",
    "province": "Salerno",
    "provinceAbbreviation": "SA",
    "region": "Campania"
  },
  {
    "name": "Casalbuono",
    "province": "Salerno",
    "provinceAbbreviation": "SA",
    "region": "Campania"
  },
  {
    "name": "Casaletto Spartano",
    "province": "Salerno",
    "provinceAbbreviation": "SA",
    "region": "Campania"
  },
  {
    "name": "Casal Velino",
    "province": "Salerno",
    "provinceAbbreviation": "SA",
    "region": "Campania"
  },
  {
    "name": "Caselle in Pittari",
    "province": "Salerno",
    "provinceAbbreviation": "SA",
    "region": "Campania"
  },
  {
    "name": "Castelcivita",
    "province": "Salerno",
    "provinceAbbreviation": "SA",
    "region": "Campania"
  },
  {
    "name": "Castellabate",
    "province": "Salerno",
    "provinceAbbreviation": "SA",
    "region": "Campania"
  },
  {
    "name": "Castelnuovo Cilento",
    "province": "Salerno",
    "provinceAbbreviation": "SA",
    "region": "Campania"
  },
  {
    "name": "Castelnuovo di Conza",
    "province": "Salerno",
    "provinceAbbreviation": "SA",
    "region": "Campania"
  },
  {
    "name": "Castel San Giorgio",
    "province": "Salerno",
    "provinceAbbreviation": "SA",
    "region": "Campania"
  },
  {
    "name": "Castel San Lorenzo",
    "province": "Salerno",
    "provinceAbbreviation": "SA",
    "region": "Campania"
  },
  {
    "name": "Castiglione del Genovesi",
    "province": "Salerno",
    "provinceAbbreviation": "SA",
    "region": "Campania"
  },
  {
    "name": "Cava de' Tirreni",
    "province": "Salerno",
    "provinceAbbreviation": "SA",
    "region": "Campania"
  },
  {
    "name": "Celle di Bulgheria",
    "province": "Salerno",
    "provinceAbbreviation": "SA",
    "region": "Campania"
  },
  {
    "name": "Centola",
    "province": "Salerno",
    "provinceAbbreviation": "SA",
    "region": "Campania"
  },
  {
    "name": "Ceraso",
    "province": "Salerno",
    "provinceAbbreviation": "SA",
    "region": "Campania"
  },
  {
    "name": "Cetara",
    "province": "Salerno",
    "provinceAbbreviation": "SA",
    "region": "Campania"
  },
  {
    "name": "Cicerale",
    "province": "Salerno",
    "provinceAbbreviation": "SA",
    "region": "Campania"
  },
  {
    "name": "Colliano",
    "province": "Salerno",
    "provinceAbbreviation": "SA",
    "region": "Campania"
  },
  {
    "name": "Conca dei Marini",
    "province": "Salerno",
    "provinceAbbreviation": "SA",
    "region": "Campania"
  },
  {
    "name": "Controne",
    "province": "Salerno",
    "provinceAbbreviation": "SA",
    "region": "Campania"
  },
  {
    "name": "Contursi Terme",
    "province": "Salerno",
    "provinceAbbreviation": "SA",
    "region": "Campania"
  },
  {
    "name": "Corbara",
    "province": "Salerno",
    "provinceAbbreviation": "SA",
    "region": "Campania"
  },
  {
    "name": "Corleto Monforte",
    "province": "Salerno",
    "provinceAbbreviation": "SA",
    "region": "Campania"
  },
  {
    "name": "Cuccaro Vetere",
    "province": "Salerno",
    "provinceAbbreviation": "SA",
    "region": "Campania"
  },
  {
    "name": "Eboli",
    "province": "Salerno",
    "provinceAbbreviation": "SA",
    "region": "Campania"
  },
  {
    "name": "Felitto",
    "province": "Salerno",
    "provinceAbbreviation": "SA",
    "region": "Campania"
  },
  {
    "name": "Fisciano",
    "province": "Salerno",
    "provinceAbbreviation": "SA",
    "region": "Campania"
  },
  {
    "name": "Furore",
    "province": "Salerno",
    "provinceAbbreviation": "SA",
    "region": "Campania"
  },
  {
    "name": "Futani",
    "province": "Salerno",
    "provinceAbbreviation": "SA",
    "region": "Campania"
  },
  {
    "name": "Giffoni Sei Casali",
    "province": "Salerno",
    "provinceAbbreviation": "SA",
    "region": "Campania"
  },
  {
    "name": "Giffoni Valle Piana",
    "province": "Salerno",
    "provinceAbbreviation": "SA",
    "region": "Campania"
  },
  {
    "name": "Gioi",
    "province": "Salerno",
    "provinceAbbreviation": "SA",
    "region": "Campania"
  },
  {
    "name": "Giungano",
    "province": "Salerno",
    "provinceAbbreviation": "SA",
    "region": "Campania"
  },
  {
    "name": "Ispani",
    "province": "Salerno",
    "provinceAbbreviation": "SA",
    "region": "Campania"
  },
  {
    "name": "Laureana Cilento",
    "province": "Salerno",
    "provinceAbbreviation": "SA",
    "region": "Campania"
  },
  {
    "name": "Laurino",
    "province": "Salerno",
    "provinceAbbreviation": "SA",
    "region": "Campania"
  },
  {
    "name": "Laurito",
    "province": "Salerno",
    "provinceAbbreviation": "SA",
    "region": "Campania"
  },
  {
    "name": "Laviano",
    "province": "Salerno",
    "provinceAbbreviation": "SA",
    "region": "Campania"
  },
  {
    "name": "Lustra",
    "province": "Salerno",
    "provinceAbbreviation": "SA",
    "region": "Campania"
  },
  {
    "name": "Magliano Vetere",
    "province": "Salerno",
    "provinceAbbreviation": "SA",
    "region": "Campania"
  },
  {
    "name": "Maiori",
    "province": "Salerno",
    "provinceAbbreviation": "SA",
    "region": "Campania"
  },
  {
    "name": "Mercato San Severino",
    "province": "Salerno",
    "provinceAbbreviation": "SA",
    "region": "Campania"
  },
  {
    "name": "Minori",
    "province": "Salerno",
    "provinceAbbreviation": "SA",
    "region": "Campania"
  },
  {
    "name": "Moio della Civitella",
    "province": "Salerno",
    "provinceAbbreviation": "SA",
    "region": "Campania"
  },
  {
    "name": "Montano Antilia",
    "province": "Salerno",
    "provinceAbbreviation": "SA",
    "region": "Campania"
  },
  {
    "name": "Montecorice",
    "province": "Salerno",
    "provinceAbbreviation": "SA",
    "region": "Campania"
  },
  {
    "name": "Montecorvino Pugliano",
    "province": "Salerno",
    "provinceAbbreviation": "SA",
    "region": "Campania"
  },
  {
    "name": "Montecorvino Rovella",
    "province": "Salerno",
    "provinceAbbreviation": "SA",
    "region": "Campania"
  },
  {
    "name": "Monteforte Cilento",
    "province": "Salerno",
    "provinceAbbreviation": "SA",
    "region": "Campania"
  },
  {
    "name": "Monte San Giacomo",
    "province": "Salerno",
    "provinceAbbreviation": "SA",
    "region": "Campania"
  },
  {
    "name": "Montesano sulla Marcellana",
    "province": "Salerno",
    "provinceAbbreviation": "SA",
    "region": "Campania"
  },
  {
    "name": "Morigerati",
    "province": "Salerno",
    "provinceAbbreviation": "SA",
    "region": "Campania"
  },
  {
    "name": "Nocera Inferiore",
    "province": "Salerno",
    "provinceAbbreviation": "SA",
    "region": "Campania"
  },
  {
    "name": "Nocera Superiore",
    "province": "Salerno",
    "provinceAbbreviation": "SA",
    "region": "Campania"
  },
  {
    "name": "Novi Velia",
    "province": "Salerno",
    "provinceAbbreviation": "SA",
    "region": "Campania"
  },
  {
    "name": "Ogliastro Cilento",
    "province": "Salerno",
    "provinceAbbreviation": "SA",
    "region": "Campania"
  },
  {
    "name": "Olevano sul Tusciano",
    "province": "Salerno",
    "provinceAbbreviation": "SA",
    "region": "Campania"
  },
  {
    "name": "Oliveto Citra",
    "province": "Salerno",
    "provinceAbbreviation": "SA",
    "region": "Campania"
  },
  {
    "name": "Omignano",
    "province": "Salerno",
    "provinceAbbreviation": "SA",
    "region": "Campania"
  },
  {
    "name": "Orria",
    "province": "Salerno",
    "provinceAbbreviation": "SA",
    "region": "Campania"
  },
  {
    "name": "Ottati",
    "province": "Salerno",
    "provinceAbbreviation": "SA",
    "region": "Campania"
  },
  {
    "name": "Padula",
    "province": "Salerno",
    "provinceAbbreviation": "SA",
    "region": "Campania"
  },
  {
    "name": "Pagani",
    "province": "Salerno",
    "provinceAbbreviation": "SA",
    "region": "Campania"
  },
  {
    "name": "Palomonte",
    "province": "Salerno",
    "provinceAbbreviation": "SA",
    "region": "Campania"
  },
  {
    "name": "Pellezzano",
    "province": "Salerno",
    "provinceAbbreviation": "SA",
    "region": "Campania"
  },
  {
    "name": "Perdifumo",
    "province": "Salerno",
    "provinceAbbreviation": "SA",
    "region": "Campania"
  },
  {
    "name": "Perito",
    "province": "Salerno",
    "provinceAbbreviation": "SA",
    "region": "Campania"
  },
  {
    "name": "Pertosa",
    "province": "Salerno",
    "provinceAbbreviation": "SA",
    "region": "Campania"
  },
  {
    "name": "Petina",
    "province": "Salerno",
    "provinceAbbreviation": "SA",
    "region": "Campania"
  },
  {
    "name": "Piaggine",
    "province": "Salerno",
    "provinceAbbreviation": "SA",
    "region": "Campania"
  },
  {
    "name": "Pisciotta",
    "province": "Salerno",
    "provinceAbbreviation": "SA",
    "region": "Campania"
  },
  {
    "name": "Polla",
    "province": "Salerno",
    "provinceAbbreviation": "SA",
    "region": "Campania"
  },
  {
    "name": "Pollica",
    "province": "Salerno",
    "provinceAbbreviation": "SA",
    "region": "Campania"
  },
  {
    "name": "Pontecagnano Faiano",
    "province": "Salerno",
    "provinceAbbreviation": "SA",
    "region": "Campania"
  },
  {
    "name": "Positano",
    "province": "Salerno",
    "provinceAbbreviation": "SA",
    "region": "Campania"
  },
  {
    "name": "Postiglione",
    "province": "Salerno",
    "provinceAbbreviation": "SA",
    "region": "Campania"
  },
  {
    "name": "Praiano",
    "province": "Salerno",
    "provinceAbbreviation": "SA",
    "region": "Campania"
  },
  {
    "name": "Prignano Cilento",
    "province": "Salerno",
    "provinceAbbreviation": "SA",
    "region": "Campania"
  },
  {
    "name": "Ravello",
    "province": "Salerno",
    "provinceAbbreviation": "SA",
    "region": "Campania"
  },
  {
    "name": "Ricigliano",
    "province": "Salerno",
    "provinceAbbreviation": "SA",
    "region": "Campania"
  },
  {
    "name": "Roccadaspide",
    "province": "Salerno",
    "provinceAbbreviation": "SA",
    "region": "Campania"
  },
  {
    "name": "Roccagloriosa",
    "province": "Salerno",
    "provinceAbbreviation": "SA",
    "region": "Campania"
  },
  {
    "name": "Roccapiemonte",
    "province": "Salerno",
    "provinceAbbreviation": "SA",
    "region": "Campania"
  },
  {
    "name": "Rofrano",
    "province": "Salerno",
    "provinceAbbreviation": "SA",
    "region": "Campania"
  },
  {
    "name": "Romagnano al Monte",
    "province": "Salerno",
    "provinceAbbreviation": "SA",
    "region": "Campania"
  },
  {
    "name": "Roscigno",
    "province": "Salerno",
    "provinceAbbreviation": "SA",
    "region": "Campania"
  },
  {
    "name": "Rutino",
    "province": "Salerno",
    "provinceAbbreviation": "SA",
    "region": "Campania"
  },
  {
    "name": "Sacco",
    "province": "Salerno",
    "provinceAbbreviation": "SA",
    "region": "Campania"
  },
  {
    "name": "Sala Consilina",
    "province": "Salerno",
    "provinceAbbreviation": "SA",
    "region": "Campania"
  },
  {
    "name": "Salento",
    "province": "Salerno",
    "provinceAbbreviation": "SA",
    "region": "Campania"
  },
  {
    "name": "Salerno",
    "province": "Salerno",
    "provinceAbbreviation": "SA",
    "region": "Campania"
  },
  {
    "name": "Salvitelle",
    "province": "Salerno",
    "provinceAbbreviation": "SA",
    "region": "Campania"
  },
  {
    "name": "San Cipriano Picentino",
    "province": "Salerno",
    "provinceAbbreviation": "SA",
    "region": "Campania"
  },
  {
    "name": "San Giovanni a Piro",
    "province": "Salerno",
    "provinceAbbreviation": "SA",
    "region": "Campania"
  },
  {
    "name": "San Gregorio Magno",
    "province": "Salerno",
    "provinceAbbreviation": "SA",
    "region": "Campania"
  },
  {
    "name": "San Mango Piemonte",
    "province": "Salerno",
    "provinceAbbreviation": "SA",
    "region": "Campania"
  },
  {
    "name": "San Marzano sul Sarno",
    "province": "Salerno",
    "provinceAbbreviation": "SA",
    "region": "Campania"
  },
  {
    "name": "San Mauro Cilento",
    "province": "Salerno",
    "provinceAbbreviation": "SA",
    "region": "Campania"
  },
  {
    "name": "San Mauro la Bruca",
    "province": "Salerno",
    "provinceAbbreviation": "SA",
    "region": "Campania"
  },
  {
    "name": "San Pietro al Tanagro",
    "province": "Salerno",
    "provinceAbbreviation": "SA",
    "region": "Campania"
  },
  {
    "name": "San Rufo",
    "province": "Salerno",
    "provinceAbbreviation": "SA",
    "region": "Campania"
  },
  {
    "name": "Santa Marina",
    "province": "Salerno",
    "provinceAbbreviation": "SA",
    "region": "Campania"
  },
  {
    "name": "Sant'Angelo a Fasanella",
    "province": "Salerno",
    "provinceAbbreviation": "SA",
    "region": "Campania"
  },
  {
    "name": "Sant'Arsenio",
    "province": "Salerno",
    "provinceAbbreviation": "SA",
    "region": "Campania"
  },
  {
    "name": "Sant'Egidio del Monte Albino",
    "province": "Salerno",
    "provinceAbbreviation": "SA",
    "region": "Campania"
  },
  {
    "name": "Santomenna",
    "province": "Salerno",
    "provinceAbbreviation": "SA",
    "region": "Campania"
  },
  {
    "name": "San Valentino Torio",
    "province": "Salerno",
    "provinceAbbreviation": "SA",
    "region": "Campania"
  },
  {
    "name": "Sanza",
    "province": "Salerno",
    "provinceAbbreviation": "SA",
    "region": "Campania"
  },
  {
    "name": "Sapri",
    "province": "Salerno",
    "provinceAbbreviation": "SA",
    "region": "Campania"
  },
  {
    "name": "Sarno",
    "province": "Salerno",
    "provinceAbbreviation": "SA",
    "region": "Campania"
  },
  {
    "name": "Sassano",
    "province": "Salerno",
    "provinceAbbreviation": "SA",
    "region": "Campania"
  },
  {
    "name": "Scafati",
    "province": "Salerno",
    "provinceAbbreviation": "SA",
    "region": "Campania"
  },
  {
    "name": "Scala",
    "province": "Salerno",
    "provinceAbbreviation": "SA",
    "region": "Campania"
  },
  {
    "name": "Serramezzana",
    "province": "Salerno",
    "provinceAbbreviation": "SA",
    "region": "Campania"
  },
  {
    "name": "Serre",
    "province": "Salerno",
    "provinceAbbreviation": "SA",
    "region": "Campania"
  },
  {
    "name": "Sessa Cilento",
    "province": "Salerno",
    "provinceAbbreviation": "SA",
    "region": "Campania"
  },
  {
    "name": "Siano",
    "province": "Salerno",
    "provinceAbbreviation": "SA",
    "region": "Campania"
  },
  {
    "name": "Sicignano degli Alburni",
    "province": "Salerno",
    "provinceAbbreviation": "SA",
    "region": "Campania"
  },
  {
    "name": "Stella Cilento",
    "province": "Salerno",
    "provinceAbbreviation": "SA",
    "region": "Campania"
  },
  {
    "name": "Stio",
    "province": "Salerno",
    "provinceAbbreviation": "SA",
    "region": "Campania"
  },
  {
    "name": "Teggiano",
    "province": "Salerno",
    "provinceAbbreviation": "SA",
    "region": "Campania"
  },
  {
    "name": "Torchiara",
    "province": "Salerno",
    "provinceAbbreviation": "SA",
    "region": "Campania"
  },
  {
    "name": "Torraca",
    "province": "Salerno",
    "provinceAbbreviation": "SA",
    "region": "Campania"
  },
  {
    "name": "Torre Orsaia",
    "province": "Salerno",
    "provinceAbbreviation": "SA",
    "region": "Campania"
  },
  {
    "name": "Tortorella",
    "province": "Salerno",
    "provinceAbbreviation": "SA",
    "region": "Campania"
  },
  {
    "name": "Tramonti",
    "province": "Salerno",
    "provinceAbbreviation": "SA",
    "region": "Campania"
  },
  {
    "name": "Trentinara",
    "province": "Salerno",
    "provinceAbbreviation": "SA",
    "region": "Campania"
  },
  {
    "name": "Valle dell'Angelo",
    "province": "Salerno",
    "provinceAbbreviation": "SA",
    "region": "Campania"
  },
  {
    "name": "Vallo della Lucania",
    "province": "Salerno",
    "provinceAbbreviation": "SA",
    "region": "Campania"
  },
  {
    "name": "Valva",
    "province": "Salerno",
    "provinceAbbreviation": "SA",
    "region": "Campania"
  },
  {
    "name": "Vibonati",
    "province": "Salerno",
    "provinceAbbreviation": "SA",
    "region": "Campania"
  },
  {
    "name": "Vietri sul Mare",
    "province": "Salerno",
    "provinceAbbreviation": "SA",
    "region": "Campania"
  },
  {
    "name": "Bellizzi",
    "province": "Salerno",
    "provinceAbbreviation": "SA",
    "region": "Campania"
  }
]
